,Date,Product_ID,Sales_Amount,Quantity_Sold,Customer_Age,Store_Region,Discount_Rate,Customer_Satisfaction
0,2021-01-01,45,547.999217,6,21,South,0.00401074089,2
1,2021-01-02,48,622.9737367,16,39,North,0.1014923971,1
2,2021-01-03,65,317.401336,4,39,North,0.2912133105,4
3,2021-01-04,68,252.1228655,7,44,North,0.1374659783,1
4,2021-01-05,68,873.6227528,17,20,South,0.1216256353,4
5,2021-01-06,10,152.68143,19,46,West,0.009763565758,4
6,2021-01-07,84,523.5588135,17,65,North,0.2186547135,4
7,2021-01-08,22,204.2506012,11,50,West,0.2823256221,2
8,2021-01-09,37,511.3528852,16,55,North,0.2093224437,2
9,2021-01-10,88,981.9660937,2,51,East,0.1972182002,2
10,2021-01-11,71,481.3357181,11,53,East,0.2796131535,3
11,2021-01-12,89,871.4124258,13,50,North,0.04621018719,3
12,2021-01-13,89,205.5840078,3,57,South,0.03121286552,5
13,2021-01-14,13,344.1268691,19,35,East,0.2056828559,3
14,2021-01-15,59,463.4134666,8,27,South,0.02209399272,2
15,2021-01-16,66,459.830926,8,53,North,0.2726497193,3
16,2021-01-17,40,704.2451308,2,62,East,0.2054571628,3
17,2021-01-18,88,410.2463146,13,40,West,0.2326754521,3
18,2021-01-19,47,742.3901816,13,23,South,0.269391667,5
19,2021-01-20,89,675.2682093,8,40,South,0.02479373717,4
20,2021-01-21,82,459.2450307,13,27,East,0.1010910593,2
21,2021-01-22,38,488.5841149,17,19,North,0.166249373,2
22,2021-01-23,26,653.0749298,17,61,North,0.2561506974,5
23,2021-01-24,78,163.0379711,7,23,West,0.1667963951,1
24,2021-01-25,73,840.1660645,5,60,East,0.1722450926,4
25,2021-01-26,10,688.079045,14,22,South,0.171915781,5
26,2021-01-27,21,753.708218,13,25,East,0.199722798,2
27,2021-01-28,81,583.230701,2,37,West,0.2172288849,3
28,2021-01-29,70,199.4293999,19,68,East,0.2058134321,5
29,2021-01-30,80,464.532052,7,69,East,0.0414476992,1
30,2021-01-31,48,464.8362246,3,56,West,0.2971902239,5
31,2021-02-01,65,388.938691,15,31,North,0.2556072177,1
32,2021-02-02,83,126.9552924,14,29,North,0.141787337,5
33,2021-02-03,89,763.5288183,6,41,South,0.1930357319,1
34,2021-02-04,50,198.8060123,14,56,East,0.08018769546,5
35,2021-02-05,30,645.6773197,12,29,West,0.2489728389,1
36,2021-02-06,20,732.8957468,6,58,West,0.1803080537,1
37,2021-02-07,20,671.3076906,18,49,East,0.07878326497,5
38,2021-02-08,15,963.2280268,13,21,East,0.2522501134,2
39,2021-02-09,40,192.9683396,7,20,West,0.02953585349,5
40,2021-02-10,33,880.4504432,16,25,West,0.07654734233,2
41,2021-02-11,66,126.2712114,10,20,East,0.101225431,1
42,2021-02-12,10,581.4251694,11,43,North,0.03725950309,5
43,2021-02-13,58,463.8192561,9,64,North,0.13929023,1
44,2021-02-14,33,571.7654744,17,23,South,0.2297194204,2
45,2021-02-15,32,428.5898894,6,34,South,0.1221544851,5
46,2021-02-16,75,271.5102234,7,68,West,0.2084637122,5
47,2021-02-17,24,117.2106077,17,26,East,0.05820984918,5
48,2021-02-18,36,566.3348324,7,35,South,0.2481090082,4
49,2021-02-19,76,858.4991764,17,68,East,0.05114615211,2
50,2021-02-20,56,435.8943602,7,46,North,0.210374609,1
51,2021-02-21,29,300.5774362,2,32,North,0.08447678357,1
52,2021-02-22,35,172.4788031,16,24,North,0.2451260316,5
53,2021-02-23,1,176.7798308,2,31,South,0.2893922636,3
54,2021-02-24,1,299.2568017,15,46,East,0.2331078054,3
55,2021-02-25,37,190.0126548,1,21,South,0.01618877796,4
56,2021-02-26,54,338.5357285,5,62,West,0.01181640254,1
57,2021-02-27,6,159.5345159,8,56,East,0.006304637838,5
58,2021-02-28,39,159.0443805,3,65,West,0.28055503,4
59,2021-03-01,18,870.6485617,18,22,South,0.05367462818,5
60,2021-03-02,80,245.9082346,15,18,North,0.2563027797,1
61,2021-03-03,5,603.7141652,5,29,South,0.2200243664,3
62,2021-03-04,43,796.10999,10,56,North,0.2027926157,2
63,2021-03-05,59,510.7686088,9,24,East,0.01410263673,2
64,2021-03-06,32,238.0319901,17,69,North,0.1709515958,5
65,2021-03-07,2,279.6365279,8,38,South,0.2919766583,4
66,2021-03-08,66,489.6857857,12,24,East,0.1939483913,2
67,2021-03-09,42,575.4106803,11,34,South,0.08674400992,4
68,2021-03-10,58,414.4962628,14,18,West,0.2302823991,1
69,2021-03-11,36,803.3316402,16,21,South,0.1455717463,5
70,2021-03-12,12,775.919484,10,23,South,0.03507968181,4
71,2021-03-13,47,934.4906266,6,65,North,0.2628537495,5
72,2021-03-14,83,126.0572941,3,57,East,0.241357376,2
73,2021-03-15,92,906.1221621,7,34,South,0.008016642955,3
74,2021-03-16,1,453.3119096,10,43,West,0.01221302263,1
75,2021-03-17,15,890.5352458,14,48,North,0.0566104946,2
76,2021-03-18,54,721.7062985,6,45,South,0.2589110094,5
77,2021-03-19,13,988.6138814,7,29,East,0.05836944977,4
78,2021-03-20,43,783.3542065,4,58,North,0.276517144,5
79,2021-03-21,85,428.0901634,12,18,South,0.1532593295,4
80,2021-03-22,76,550.9568556,11,51,South,0.08617568645,5
81,2021-03-23,69,438.7502397,12,43,North,0.03751106175,1
82,2021-03-24,7,428.4206524,15,32,East,0.173985674,3
83,2021-03-25,69,334.8140494,12,66,West,0.2689596566,4
84,2021-03-26,48,546.3732658,17,52,East,0.1861089306,2
85,2021-03-27,4,713.5659506,4,58,West,0.1302919494,3
86,2021-03-28,77,349.6062442,18,68,East,0.1875027147,1
87,2021-03-29,53,571.94183,17,68,North,0.2204222848,4
88,2021-03-30,79,205.6422648,11,61,West,0.07174773729,5
89,2021-03-31,16,243.8607582,10,56,North,0.08099976251,5
90,2021-04-01,21,142.1257192,4,37,South,0.2677057601,3
91,2021-04-02,59,973.6582985,16,60,North,0.2342106979,5
92,2021-04-03,24,103.4743164,5,52,West,0.2179402117,3
93,2021-04-04,80,260.7219713,7,56,South,0.2011794094,3
94,2021-04-05,14,651.5800778,8,39,West,0.1558024909,2
95,2021-04-06,86,173.232639,18,38,West,0.1087238873,2
96,2021-04-07,49,893.7068528,13,44,North,0.1175378139,2
97,2021-04-08,50,747.6581421,7,53,East,0.0238045446,5
98,2021-04-09,70,969.7509743,12,45,East,0.2658576303,4
99,2021-04-10,42,556.8719925,12,21,North,0.006305952501,4
100,2021-04-11,36,370.3633148,15,43,North,0.2534168176,2
101,2021-04-12,65,594.5505155,12,25,East,0.1366651494,2
102,2021-04-13,96,937.7368456,7,22,East,0.05528545226,4
103,2021-04-14,70,568.6852935,14,22,North,0.1868966544,2
104,2021-04-15,95,340.4863287,14,27,East,0.1539421934,3
105,2021-04-16,1,889.6589103,18,22,North,0.192204362,1
106,2021-04-17,51,434.7268737,9,51,North,0.1097312071,3
107,2021-04-18,37,101.245015,5,67,North,0.2395674753,4
108,2021-04-19,35,322.9165202,19,28,North,0.128469661,2
109,2021-04-20,49,386.4101583,17,41,North,0.1165470289,1
110,2021-04-21,94,872.8997214,3,66,North,0.1879141243,2
111,2021-04-22,4,512.6528504,9,50,South,0.2508252395,3
112,2021-04-23,99,500.128559,12,31,North,0.02631080348,2
113,2021-04-24,43,402.4920398,16,39,North,0.1312337629,3
114,2021-04-25,78,892.6103107,16,46,South,0.1418938613,1
115,2021-04-26,22,950.5240992,14,41,East,0.1595821958,5
116,2021-04-27,74,992.7012962,15,66,North,0.09779206719,5
117,2021-04-28,1,439.0671403,15,23,North,0.05508948883,1
118,2021-04-29,11,969.5327011,19,20,South,0.0685480981,2
119,2021-04-30,44,812.6916127,15,18,East,0.07399591504,5
120,2021-05-01,59,708.1202329,14,27,North,0.124251476,3
121,2021-05-02,24,320.4005315,2,25,North,0.1661414321,5
122,2021-05-03,60,294.8115348,5,47,West,0.09954516771,3
123,2021-05-04,3,249.4430421,11,39,South,0.247692898,1
124,2021-05-05,99,930.4809492,19,34,East,0.1427577594,5
125,2021-05-06,63,364.6689961,5,32,East,0.09175006405,1
126,2021-05-07,36,507.7848209,9,37,East,0.1036910435,4
127,2021-05-08,95,544.5620506,10,55,West,0.2967832447,1
128,2021-05-09,68,800.3544359,15,44,East,0.1984593481,5
129,2021-05-10,83,859.8114654,14,30,South,0.1229030478,3
130,2021-05-11,47,225.165431,13,33,South,0.2690544822,1
131,2021-05-12,21,484.2139242,15,37,North,0.2293836496,5
132,2021-05-13,82,858.5693991,9,36,North,0.2593840815,2
133,2021-05-14,51,836.2299752,14,60,South,0.04833500595,3
134,2021-05-15,28,192.1723826,10,20,East,0.2407253839,2
135,2021-05-16,15,240.745014,15,34,North,0.1440342746,2
136,2021-05-17,42,373.7788224,13,29,North,0.02044438839,4
137,2021-05-18,59,167.8231622,6,53,East,0.02761100551,1
138,2021-05-19,66,482.1967026,14,27,North,0.1720195264,2
139,2021-05-20,37,196.8559346,12,27,South,0.1166146304,3
140,2021-05-21,11,611.3958343,13,48,West,0.0212468201,2
141,2021-05-22,87,321.9012458,10,40,West,0.1309102383,4
142,2021-05-23,44,636.7897588,18,60,South,0.2376447834,5
143,2021-05-24,12,205.7730786,9,38,North,0.06450350371,3
144,2021-05-25,3,978.2954816,16,59,South,0.2167633615,3
145,2021-05-26,52,939.3050835,1,37,North,0.1278925636,5
146,2021-05-27,81,452.6172447,13,22,North,0.09860923311,4
147,2021-05-28,33,317.9607347,17,64,South,0.1253265833,4
148,2021-05-29,55,325.3583916,19,33,South,0.1907708762,1
149,2021-05-30,1,535.0541817,13,51,South,0.1148783801,3
150,2021-05-31,39,135.9935217,19,18,West,0.1600371488,1
151,2021-06-01,20,675.7345955,18,65,West,0.02245158511,2
152,2021-06-02,47,467.4726175,12,33,North,0.1991943525,1
153,2021-06-03,43,439.6659153,16,31,South,0.04337377476,1
154,2021-06-04,57,828.4284743,18,27,East,0.05067526576,5
155,2021-06-05,61,738.1319142,13,67,North,0.2089741847,1
156,2021-06-06,78,958.9004339,9,60,North,0.2972932916,2
157,2021-06-07,31,416.7426164,8,28,West,0.2710819827,1
158,2021-06-08,25,907.7884882,12,67,East,0.1372198421,4
159,2021-06-09,3,792.9704676,8,57,East,0.09084429239,1
160,2021-06-10,4,421.6821864,4,52,West,0.1335068592,5
161,2021-06-11,95,659.4988928,10,57,North,0.1679148666,5
162,2021-06-12,99,359.7129619,10,66,West,0.07919650153,5
163,2021-06-13,14,886.9599254,12,62,East,0.2165071893,1
164,2021-06-14,41,201.1845855,18,62,West,0.007223437732,2
165,2021-06-15,73,291.1909252,19,60,South,0.2827809885,3
166,2021-06-16,20,264.7299629,17,19,South,0.2178020195,5
167,2021-06-17,96,462.7234022,1,26,North,0.2619175257,1
168,2021-06-18,73,770.709664,8,18,North,0.1015627854,3
169,2021-06-19,27,574.2167041,19,29,West,0.2795973073,4
170,2021-06-20,67,538.9086912,12,44,South,0.2970364567,4
171,2021-06-21,53,100.4913684,13,48,North,0.05383363517,5
172,2021-06-22,68,482.8615528,14,61,South,0.1723099849,5
173,2021-06-23,62,157.1983974,9,60,West,0.2600330944,4
174,2021-06-24,15,287.4279269,9,37,East,0.01460019334,5
175,2021-06-25,97,939.1545451,19,39,East,0.2327463595,4
176,2021-06-26,5,293.8583839,18,65,East,0.01048601096,1
177,2021-06-27,68,872.5038748,11,19,North,0.1964153952,3
178,2021-06-28,12,822.6040344,13,36,East,0.02871247492,1
179,2021-06-29,87,243.2316132,3,46,South,0.03013079824,4
180,2021-06-30,78,645.1407615,12,29,West,0.08625891968,1
181,2021-07-01,76,204.0956847,7,67,South,0.1121004803,4
182,2021-07-02,57,755.0993425,15,57,South,0.1518321686,1
183,2021-07-03,17,673.7160496,15,27,West,0.02027483208,3
184,2021-07-04,25,830.7447055,19,42,West,0.1175001025,4
185,2021-07-05,30,531.4460945,12,22,South,0.2872183598,5
186,2021-07-06,22,923.3767791,2,44,South,0.1433477936,5
187,2021-07-07,26,144.4140521,15,61,West,0.2926228028,5
188,2021-07-08,81,363.5997085,6,39,East,0.2837760717,4
189,2021-07-09,61,743.5473377,7,32,South,0.08179916735,5
190,2021-07-10,62,476.2982906,16,47,West,0.24431553,2
191,2021-07-11,84,255.6562188,13,19,East,0.1039569495,3
192,2021-07-12,34,196.4896709,10,32,West,0.1936548887,2
193,2021-07-13,33,835.6052003,4,18,South,0.09777313313,4
194,2021-07-14,71,525.8286806,10,33,North,0.05900290802,4
195,2021-07-15,86,894.0553047,3,51,East,0.1737202619,3
196,2021-07-16,32,759.9602209,2,50,North,0.255209554,1
197,2021-07-17,14,468.7535851,7,69,East,0.2871129507,3
198,2021-07-18,72,436.1599127,15,55,East,0.07875723206,2
199,2021-07-19,57,564.074512,17,23,North,0.2038625804,2
200,2021-07-20,25,900.1539579,19,48,South,0.2476106542,2
201,2021-07-21,80,763.5507217,14,59,South,0.06350067528,2
202,2021-07-22,42,104.6376678,15,65,South,0.1536103775,1
203,2021-07-23,19,724.7420662,4,68,West,0.2716548941,4
204,2021-07-24,41,927.5566662,6,27,South,0.2594660339,4
205,2021-07-25,55,739.4101836,14,25,West,0.003387024701,3
206,2021-07-26,80,259.3052034,11,48,East,0.1872492423,4
207,2021-07-27,12,535.1663147,19,39,South,0.1906186499,4
208,2021-07-28,39,226.2844161,7,48,East,0.2973267688,4
209,2021-07-29,94,423.0957505,11,59,East,0.2065535235,1
210,2021-07-30,2,943.4053377,12,26,West,0.1619253039,1
211,2021-07-31,96,930.9747768,2,19,East,0.05463283421,4
212,2021-08-01,45,354.553167,10,63,North,0.07921259245,2
213,2021-08-02,89,405.6679397,17,39,North,0.2459534222,4
214,2021-08-03,25,640.1915813,16,26,South,0.02087249594,3
215,2021-08-04,68,966.8775657,18,63,West,0.004250617808,5
216,2021-08-05,83,233.0212007,2,67,East,0.1834082585,3
217,2021-08-06,4,331.2249793,5,18,South,0.2028412472,5
218,2021-08-07,77,886.2011446,4,45,West,0.2477217039,1
219,2021-08-08,36,542.7030085,10,68,North,0.1590673728,1
220,2021-08-09,87,909.064983,10,66,West,0.2527107977,4
221,2021-08-10,62,266.9661078,14,43,North,0.2475631708,5
222,2021-08-11,70,579.4017287,7,47,West,0.1168881017,1
223,2021-08-12,88,393.6426694,11,25,West,0.02724282779,1
224,2021-08-13,44,384.8883039,12,44,North,0.2288861598,4
225,2021-08-14,33,502.1892676,6,49,East,0.2895428964,1
226,2021-08-15,12,489.7697042,6,32,North,0.2635080372,5
227,2021-08-16,85,421.6121917,9,37,West,0.1899897627,3
228,2021-08-17,11,923.4736933,16,26,North,0.02882490307,1
229,2021-08-18,55,758.5697669,15,57,South,0.177657355,2
230,2021-08-19,38,754.7922922,1,47,South,0.004710159762,1
231,2021-08-20,29,360.9221046,4,41,South,0.1775929437,3
232,2021-08-21,3,619.9384819,2,31,South,0.2501115562,4
233,2021-08-22,28,801.26149,15,58,North,0.2224361955,4
234,2021-08-23,84,816.0313317,7,19,North,0.1847094298,3
235,2021-08-24,90,410.0774147,4,43,East,0.0361645773,4
236,2021-08-25,24,793.7854809,5,42,North,0.0518422403,1
237,2021-08-26,54,762.3045071,6,48,South,0.2535343957,5
238,2021-08-27,52,227.3558371,9,59,East,0.1774442594,1
239,2021-08-28,47,879.3509217,19,34,East,0.1565675199,5
240,2021-08-29,21,497.1893232,10,29,West,0.06243682617,2
241,2021-08-30,54,537.769404,4,57,North,0.1273211477,3
242,2021-08-31,30,503.532261,3,25,North,0.1742643376,3
243,2021-09-01,68,611.0614013,10,56,East,0.1884283759,1
244,2021-09-02,36,659.0523226,14,39,West,0.2110343645,4
245,2021-09-03,40,548.3616092,18,42,East,0.2244758212,3
246,2021-09-04,10,880.1096889,18,55,East,0.186257288,5
247,2021-09-05,74,664.9612806,11,61,North,0.046675177,4
248,2021-09-06,42,461.2851544,9,54,South,0.1626965259,5
249,2021-09-07,24,475.0225812,14,50,West,0.02244429739,3
250,2021-09-08,4,829.7547536,11,27,East,0.1772399521,5
251,2021-09-09,47,413.3727485,7,67,North,0.2938219974,2
252,2021-09-10,91,290.3093162,11,58,West,0.08017413361,5
253,2021-09-11,51,153.4448692,4,34,East,0.1175522143,1
254,2021-09-12,4,888.4241631,16,53,North,0.08176862073,2
255,2021-09-13,32,926.6918061,19,21,West,0.1676730885,1
256,2021-09-14,10,208.1081639,3,57,North,0.01313608214,5
257,2021-09-15,11,401.0263673,5,55,North,0.2981825453,4
258,2021-09-16,28,257.8348626,11,21,North,0.2390261279,1
259,2021-09-17,46,204.3086219,8,58,East,0.1852121117,4
260,2021-09-18,72,909.8800687,19,53,South,0.2437878426,2
261,2021-09-19,40,151.1895332,13,19,East,0.06642273401,5
262,2021-09-20,62,982.4370971,12,21,East,0.2575301854,4
263,2021-09-21,86,186.8057746,13,29,South,0.2950786599,1
264,2021-09-22,98,877.1235843,18,21,North,0.1906596779,3
265,2021-09-23,45,609.8554963,6,64,South,0.1688278317,2
266,2021-09-24,35,431.125739,8,30,East,0.1354090476,2
267,2021-09-25,35,408.108139,5,50,North,0.1927956086,4
268,2021-09-26,89,781.6277289,11,57,East,0.1968850513,2
269,2021-09-27,34,383.1159655,19,68,West,0.1665939685,5
270,2021-09-28,6,691.587025,1,18,North,0.2286442767,2
271,2021-09-29,37,565.5934752,12,65,West,0.1062483096,5
272,2021-09-30,1,536.4690806,10,41,East,0.243360055,2
273,2021-10-01,76,911.0459536,19,25,North,0.1905905446,5
274,2021-10-02,35,599.1805528,14,19,East,0.1036763172,1
275,2021-10-03,70,844.1754427,19,52,West,0.05379032891,1
276,2021-10-04,54,753.0161807,13,31,North,0.1444952716,2
277,2021-10-05,81,134.7015215,10,48,South,0.1362206507,2
278,2021-10-06,63,795.7990473,9,39,East,0.08838713883,2
279,2021-10-07,9,295.1832251,2,35,South,0.1774251071,5
280,2021-10-08,62,912.8346822,18,41,North,0.00161927974,3
281,2021-10-09,2,138.6317715,18,53,North,0.09792608109,2
282,2021-10-10,82,399.764831,16,51,South,0.1947192729,2
283,2021-10-11,36,189.7596525,17,24,North,0.007761856646,4
284,2021-10-12,92,528.0302054,18,42,West,0.1729689123,2
285,2021-10-13,41,838.0201923,8,52,North,0.1129416635,3
286,2021-10-14,37,368.3686237,17,58,North,0.2273208517,1
287,2021-10-15,49,235.8414076,6,56,West,0.06372171215,4
288,2021-10-16,26,397.2403321,10,27,South,0.2464734553,4
289,2021-10-17,68,832.4921277,15,42,East,0.06204440761,4
290,2021-10-18,36,226.345562,13,47,West,0.1819414377,1
291,2021-10-19,31,304.6262042,15,23,East,0.05941229897,5
292,2021-10-20,30,161.966768,14,66,West,0.1641571658,5
293,2021-10-21,34,735.1390396,2,66,East,0.1421066199,1
294,2021-10-22,19,455.7099192,5,43,North,0.06717684066,4
295,2021-10-23,18,379.7559794,6,22,North,0.1750969384,3
296,2021-10-24,94,746.7637513,13,64,South,0.06625591721,1
297,2021-10-25,85,402.3797881,10,56,West,0.1526561824,4
298,2021-10-26,3,754.9941459,13,18,South,0.2570577135,4
299,2021-10-27,70,833.6794558,1,32,South,0.2591870611,2
300,2021-10-28,13,295.8965591,6,27,South,0.1941837424,1
301,2021-10-29,45,976.4368272,10,54,North,0.1395972218,5
302,2021-10-30,67,246.1221531,2,65,West,0.2008170498,4
303,2021-10-31,92,361.756816,18,68,West,0.2430842832,5
304,2021-11-01,86,261.8157618,2,46,West,0.2374465286,5
305,2021-11-02,40,410.9550907,11,33,West,0.164520991,2
306,2021-11-03,40,532.054799,7,20,South,0.09222020795,2
307,2021-11-04,76,569.9582821,17,54,West,0.1973472577,1
308,2021-11-05,23,868.2454381,8,25,South,0.00569685945,1
309,2021-11-06,31,900.5031179,7,35,South,0.2906316761,4
310,2021-11-07,18,298.0934747,12,49,West,0.09891017868,3
311,2021-11-08,71,660.604629,10,61,West,0.1252557157,4
312,2021-11-09,72,200.3464516,19,59,West,0.1643768853,5
313,2021-11-10,19,513.0728742,11,33,East,0.2152464988,1
314,2021-11-11,93,390.1001842,7,46,North,0.04853596023,1
315,2021-11-12,44,384.8506709,7,60,South,0.1127594127,1
316,2021-11-13,84,534.3258175,3,49,West,0.09567014217,1
317,2021-11-14,50,756.844872,18,40,North,0.01678589978,3
318,2021-11-15,42,162.2643929,11,68,South,0.1361612004,4
319,2021-11-16,94,891.2560039,8,41,West,0.02638824194,1
320,2021-11-17,47,761.3323972,9,22,East,0.2646470674,3
321,2021-11-18,22,258.84945,9,18,East,0.1589030032,2
322,2021-11-19,74,945.2448182,5,35,North,0.2453421397,3
323,2021-11-20,90,555.6810016,3,24,West,0.178665879,1
324,2021-11-21,97,999.8277203,17,22,South,0.2807311084,1
325,2021-11-22,92,277.5335269,12,29,East,0.02451814476,3
326,2021-11-23,74,581.4173785,4,50,West,0.2196047266,1
327,2021-11-24,29,361.2232383,1,34,West,0.2048170033,1
328,2021-11-25,82,373.7562017,6,20,West,0.238560764,3
329,2021-11-26,59,631.9588428,8,28,South,0.1718676195,4
330,2021-11-27,1,929.5471602,13,57,South,0.09043579175,5
331,2021-11-28,87,824.73747,12,56,East,0.09373212381,4
332,2021-11-29,64,751.5472587,13,57,East,0.2662859841,3
333,2021-11-30,17,603.2564039,19,18,East,0.106349872,1
334,2021-12-01,37,930.0686533,16,27,North,0.2442341807,4
335,2021-12-02,95,543.125266,13,29,North,0.2297698485,3
336,2021-12-03,25,886.4489605,13,62,North,0.1530236237,3
337,2021-12-04,64,850.5834795,16,35,North,0.2736227199,2
338,2021-12-05,68,292.4518121,18,54,East,0.09022767083,1
339,2021-12-06,52,794.1029167,8,59,East,0.001961723237,2
340,2021-12-07,9,110.9540412,16,65,West,0.227322376,5
341,2021-12-08,57,390.5465838,2,23,East,0.2294344477,3
342,2021-12-09,92,306.6107002,6,59,South,0.05875700183,3
343,2021-12-10,94,556.1766626,1,66,West,0.2446999672,1
344,2021-12-11,88,763.1678455,14,56,East,0.257695955,2
345,2021-12-12,33,187.9087307,9,54,East,0.1971288676,2
346,2021-12-13,20,563.4299817,19,22,East,0.155856043,1
347,2021-12-14,73,944.5708195,17,67,East,0.1885410385,2
348,2021-12-15,72,305.7818959,14,29,West,0.1910516073,1
349,2021-12-16,88,709.4270297,9,57,East,0.2546857867,2
350,2021-12-17,14,633.5922437,7,47,West,0.06880091879,1
351,2021-12-18,59,109.0573261,6,61,North,0.2751016435,5
352,2021-12-19,82,528.2435763,4,63,North,0.2849643979,1
353,2021-12-20,56,737.8933518,9,29,West,0.06601473507,1
354,2021-12-21,65,139.5778888,13,60,East,0.03158203687,2
355,2021-12-22,76,891.5693347,14,50,West,0.2020776185,2
356,2021-12-23,93,568.073275,17,19,West,0.03387943432,1
357,2021-12-24,37,127.5949435,19,62,South,0.07472133305,1
358,2021-12-25,26,301.9722507,11,65,West,0.04924644761,2
359,2021-12-26,33,958.3081268,9,52,South,0.2574950147,3
360,2021-12-27,43,624.0877597,17,60,South,0.2726745795,4
361,2021-12-28,15,196.725311,19,60,South,0.0939914153,5
362,2021-12-29,87,358.7900521,11,62,West,0.09951094246,1
363,2021-12-30,29,511.0332633,16,28,East,0.1392726938,2
364,2021-12-31,21,118.8550623,7,60,South,0.0408107983,4
365,2022-01-01,83,470.4539623,5,58,West,0.2343009181,1
366,2022-01-02,69,540.5127719,16,64,North,0.1599287197,2
367,2022-01-03,23,319.3100878,1,57,South,0.08901378406,2
368,2022-01-04,84,629.7751003,4,33,South,0.1445742784,3
369,2022-01-05,8,777.9161076,16,63,South,0.1778437489,1
370,2022-01-06,73,312.2508017,16,44,South,0.1032443503,4
371,2022-01-07,62,658.4499103,2,59,West,0.08045036889,5
372,2022-01-08,14,675.6600187,19,58,North,0.0437894427,3
373,2022-01-09,6,953.686271,9,62,South,0.2044445516,5
374,2022-01-10,1,800.4485506,10,66,North,0.1326635088,1
375,2022-01-11,9,863.5107428,9,34,South,0.02637275225,4
376,2022-01-12,80,541.3779176,8,61,North,0.1824624682,4
377,2022-01-13,80,266.8137283,16,46,West,0.03499060537,4
378,2022-01-14,54,996.2337637,10,18,East,0.04003557552,2
379,2022-01-15,12,216.4201849,4,62,North,0.1940561156,4
380,2022-01-16,5,524.3115874,15,20,North,0.2581231416,2
381,2022-01-17,40,161.2837893,3,40,South,0.2179688898,4
382,2022-01-18,93,949.4657716,12,42,North,0.2959102757,5
383,2022-01-19,46,968.4324468,4,62,North,0.07349688594,5
384,2022-01-20,27,747.4501558,15,37,North,0.2478340981,4
385,2022-01-21,75,414.9935593,1,48,South,0.1790404427,4
386,2022-01-22,53,328.944161,3,31,East,0.2262157223,2
387,2022-01-23,50,338.7729921,11,25,East,0.1440160242,2
388,2022-01-24,92,214.5646229,6,37,South,0.0374078531,2
389,2022-01-25,52,573.2280578,5,53,East,0.2430972011,1
390,2022-01-26,19,227.6355481,19,47,South,0.1041962164,2
391,2022-01-27,35,385.0575999,11,38,South,0.04871230372,2
392,2022-01-28,52,664.0358284,4,26,West,0.1600050497,1
393,2022-01-29,31,754.7892486,8,28,North,0.1584506641,4
394,2022-01-30,54,121.8454342,4,59,South,0.07827873909,3
395,2022-01-31,59,487.1043859,2,52,East,0.2249678582,1
396,2022-02-01,44,686.9121354,6,64,South,0.10747722,2
397,2022-02-02,56,867.9213785,4,29,North,0.1592420406,1
398,2022-02-03,19,527.792304,15,26,West,0.1636785161,5
399,2022-02-04,46,972.2852845,3,39,North,0.2834069688,5
400,2022-02-05,88,339.0692928,18,22,East,0.293857755,4
401,2022-02-06,66,112.157836,15,65,West,0.2068522832,2
402,2022-02-07,71,535.3775782,11,25,East,0.0002437831452,5
403,2022-02-08,54,330.5024155,5,39,East,0.2401525218,1
404,2022-02-09,49,841.3459048,5,40,North,0.2664379994,2
405,2022-02-10,95,309.495405,7,24,South,0.2946831044,4
406,2022-02-11,60,379.5662965,10,37,South,0.005865540576,2
407,2022-02-12,81,812.1046879,10,61,West,0.257881,2
408,2022-02-13,27,743.6289268,4,24,North,0.2599912373,1
409,2022-02-14,36,602.246113,8,50,West,0.05781560334,2
410,2022-02-15,59,734.4532557,13,55,South,0.2515205764,1
411,2022-02-16,50,476.7731772,5,40,West,0.01402550677,1
412,2022-02-17,74,104.7790429,14,59,South,0.02079783759,2
413,2022-02-18,45,110.2196157,13,39,South,0.1779487857,4
414,2022-02-19,14,560.0996088,1,29,North,0.2895619006,4
415,2022-02-20,71,174.9618817,11,61,West,0.1411569984,3
416,2022-02-21,39,145.9679322,15,21,South,0.1133276076,5
417,2022-02-22,40,968.9649752,1,50,East,0.1492364516,2
418,2022-02-23,9,873.1023757,1,47,West,0.2964577254,2
419,2022-02-24,14,236.8245045,1,39,North,0.1991600172,1
420,2022-02-25,8,100.5977967,12,35,North,0.1648527193,4
421,2022-02-26,81,947.5010159,6,23,South,0.2376461223,2
422,2022-02-27,23,350.4927685,6,65,West,0.1422319325,4
423,2022-02-28,80,267.3078426,19,45,East,0.1502098601,3
424,2022-03-01,90,722.357297,11,19,North,0.2322882681,2
425,2022-03-02,9,198.013365,17,51,South,0.143135184,1
426,2022-03-03,7,338.1846382,18,58,North,0.03874038821,4
427,2022-03-04,82,977.5852122,12,61,North,0.01002730779,5
428,2022-03-05,72,675.516497,10,57,North,0.1929491292,4
429,2022-03-06,85,568.6100123,10,61,East,0.03176240925,4
430,2022-03-07,90,458.1267534,13,69,East,0.2664348522,5
431,2022-03-08,67,797.0508594,1,55,East,0.1510493257,4
432,2022-03-09,61,226.8617289,8,48,East,0.004684350895,3
433,2022-03-10,17,970.6040218,14,36,East,0.08132952503,2
434,2022-03-11,57,875.0107073,17,33,East,0.1749505668,2
435,2022-03-12,24,655.8912843,12,69,West,0.09888635424,2
436,2022-03-13,25,138.6155714,16,63,South,0.114232437,4
437,2022-03-14,5,730.7700845,13,58,East,0.2680264172,5
438,2022-03-15,50,921.9559068,6,47,East,0.1946953921,4
439,2022-03-16,88,572.1193607,3,22,West,0.07439161434,2
440,2022-03-17,31,418.8023396,13,66,West,0.2621067582,5
441,2022-03-18,55,208.2496105,12,60,North,0.2521989603,2
442,2022-03-19,26,779.4109937,16,38,West,0.1918113497,2
443,2022-03-20,21,896.5196661,5,34,North,0.07318961592,3
444,2022-03-21,98,190.2265697,18,39,East,0.2433734511,3
445,2022-03-22,58,783.0860993,13,20,East,0.1277604824,4
446,2022-03-23,24,115.3544376,13,38,North,0.08398963923,3
447,2022-03-24,28,970.3494263,17,63,West,0.06473732053,5
448,2022-03-25,30,653.5522186,3,42,North,0.07569691542,1
449,2022-03-26,34,597.1951531,6,61,North,0.1370425716,5
450,2022-03-27,54,366.3548502,3,38,West,0.1850227532,2
451,2022-03-28,52,936.3625044,16,63,North,0.2707730173,2
452,2022-03-29,87,339.3150646,7,33,North,0.2483439199,3
453,2022-03-30,8,845.3319519,5,51,North,0.06135512988,2
454,2022-03-31,10,986.5978114,10,42,North,0.2680483624,1
455,2022-04-01,55,805.056981,16,42,South,0.1034158358,4
456,2022-04-02,1,567.0909283,1,58,East,0.1554347223,4
457,2022-04-03,84,159.4668375,11,45,East,0.09914526867,5
458,2022-04-04,37,525.1724103,17,21,West,0.2444912627,4
459,2022-04-05,82,494.4303523,3,37,North,0.03310113746,3
460,2022-04-06,21,282.5164371,18,30,East,0.2769979233,3
461,2022-04-07,4,481.228873,15,68,North,0.06542800656,2
462,2022-04-08,43,421.9820957,6,62,South,0.07735059076,3
463,2022-04-09,66,247.315835,6,28,South,0.0527126921,3
464,2022-04-10,21,497.236729,3,27,West,0.0346973331,4
465,2022-04-11,37,336.5199607,4,46,East,0.1742630437,1
466,2022-04-12,69,569.8561786,12,64,West,0.1317405821,2
467,2022-04-13,81,131.6440537,14,49,South,0.2450699557,5
468,2022-04-14,48,915.6082778,4,41,North,0.1011483467,4
469,2022-04-15,11,834.727875,6,31,South,0.234046901,2
470,2022-04-16,95,597.3231993,2,23,North,0.1758982148,4
471,2022-04-17,92,866.6277245,9,63,East,0.2062927452,3
472,2022-04-18,44,966.1555664,8,58,North,0.1411703696,5
473,2022-04-19,64,199.4700646,8,25,East,0.08307484825,5
474,2022-04-20,32,667.7486276,2,59,East,0.002211296181,1
475,2022-04-21,21,998.1946008,10,64,West,0.07621494514,2
476,2022-04-22,71,989.1002524,16,34,North,0.1713790183,5
477,2022-04-23,10,642.9906931,14,68,East,0.159580067,4
478,2022-04-24,61,215.2187834,1,57,East,0.2895212202,2
479,2022-04-25,92,624.8735479,5,53,South,0.21336478,3
480,2022-04-26,36,101.858172,1,60,South,0.04783008781,1
481,2022-04-27,84,279.0202012,12,46,West,0.2974687164,3
482,2022-04-28,77,960.5108436,4,35,West,0.1036217135,5
483,2022-04-29,19,397.3965153,5,55,North,0.1769819411,3
484,2022-04-30,75,674.5510952,16,19,North,0.03738351792,4
485,2022-05-01,99,352.7735452,18,35,East,0.2130442052,4
486,2022-05-02,98,953.0396984,11,48,South,0.2790955726,2
487,2022-05-03,44,755.702857,17,52,East,0.09023852699,1
488,2022-05-04,4,396.6860418,7,21,North,0.2428515956,1
489,2022-05-05,13,812.5852791,3,51,North,0.2924790597,4
490,2022-05-06,59,197.348972,18,61,West,0.09445140358,3
491,2022-05-07,2,453.0870461,19,43,South,0.04531177388,3
492,2022-05-08,1,299.096315,2,19,East,0.2894569995,2
493,2022-05-09,40,715.3538025,1,52,South,0.1872763192,5
494,2022-05-10,25,192.2016536,2,67,West,0.04880745962,5
495,2022-05-11,59,457.3232491,7,57,North,0.1744259162,2
496,2022-05-12,37,348.9847572,5,58,West,0.1286878664,5
497,2022-05-13,70,555.7086274,5,36,North,0.01902037347,4
498,2022-05-14,7,414.9079125,16,59,South,0.2679330884,1
499,2022-05-15,4,735.7695199,7,39,West,0.2506261506,1
500,2022-05-16,99,122.1193219,11,65,South,0.06180351302,5
501,2022-05-17,41,670.5882292,17,46,East,0.2503370902,5
502,2022-05-18,61,307.5141607,3,19,South,0.2364738206,5
503,2022-05-19,34,341.8381259,15,59,East,0.2224417963,1
504,2022-05-20,29,820.2300432,15,56,North,0.07181355602,5
505,2022-05-21,69,960.0115546,15,30,South,0.01123654372,3
506,2022-05-22,27,384.895189,1,33,South,0.2454205995,3
507,2022-05-23,97,844.1247433,8,46,East,0.2361123924,4
508,2022-05-24,52,193.5917542,2,43,West,0.05836695235,2
509,2022-05-25,74,670.5834877,5,68,East,0.07920060189,4
510,2022-05-26,54,775.9290696,9,40,East,0.07317936125,1
511,2022-05-27,70,240.3801352,16,45,North,0.1570840004,3
512,2022-05-28,34,483.4021489,1,31,South,0.2182922862,2
513,2022-05-29,8,903.4364478,4,51,West,0.08362530021,3
514,2022-05-30,95,193.2206171,16,32,West,0.05439337861,5
515,2022-05-31,73,116.2867224,11,26,South,0.2154334101,1
516,2022-06-01,85,631.5268411,2,22,West,0.2813060175,2
517,2022-06-02,8,491.9783865,4,64,East,0.1092861267,4
518,2022-06-03,68,818.820324,4,39,North,0.1449869068,1
519,2022-06-04,86,931.1099844,3,63,South,0.2741662113,4
520,2022-06-05,92,369.2382801,5,46,North,0.2317696278,4
521,2022-06-06,68,449.5637055,11,40,East,0.05248811785,4
522,2022-06-07,85,537.6448777,15,32,East,0.0615451194,5
523,2022-06-08,72,629.3363144,10,18,North,0.01607991824,4
524,2022-06-09,84,985.4684467,6,68,West,0.08107588611,3
525,2022-06-10,96,727.5972257,6,55,West,0.1419984589,2
526,2022-06-11,1,450.5936566,4,68,West,0.09125990469,2
527,2022-06-12,6,337.3909178,17,27,North,0.1414074194,1
528,2022-06-13,92,950.1631466,8,51,West,0.1848116795,3
529,2022-06-14,31,221.9935898,11,58,West,0.2792620406,4
530,2022-06-15,74,748.2392673,13,58,North,0.2770490362,3
531,2022-06-16,84,932.8555228,5,69,North,0.1866804155,4
532,2022-06-17,8,698.1990279,17,25,North,0.1098276629,4
533,2022-06-18,22,480.7489961,13,44,West,0.0773618769,2
534,2022-06-19,93,279.0918459,16,47,North,0.1820828346,5
535,2022-06-20,9,430.72779,11,68,East,0.1941703152,1
536,2022-06-21,44,736.1846285,12,35,West,0.08039437556,2
537,2022-06-22,47,684.5808018,15,28,North,0.01758179555,4
538,2022-06-23,1,935.1785499,11,61,North,0.106056695,1
539,2022-06-24,52,880.1748223,12,51,South,0.2863623192,4
540,2022-06-25,39,834.535677,7,19,East,0.06736439175,2
541,2022-06-26,90,920.3057878,8,56,East,0.09306374282,4
542,2022-06-27,75,348.7034375,1,37,West,0.08785384933,1
543,2022-06-28,99,432.5711861,3,47,East,0.2104098369,4
544,2022-06-29,88,441.9045134,1,24,West,0.2205036174,2
545,2022-06-30,97,604.4055298,1,23,North,0.1332955008,4
546,2022-07-01,84,701.3964066,8,22,West,0.273845549,1
547,2022-07-02,27,358.0450147,19,20,North,0.2175739588,3
548,2022-07-03,79,117.5162206,1,58,North,0.2663937697,3
549,2022-07-04,33,459.3001453,3,58,North,0.2556291106,5
550,2022-07-05,71,377.6751636,7,34,South,0.2317779041,5
551,2022-07-06,98,947.9662471,13,25,North,0.0962792204,2
552,2022-07-07,45,899.4385365,1,58,North,0.04105529646,4
553,2022-07-08,60,874.2796105,9,42,West,0.2019870377,4
554,2022-07-09,58,687.6997849,4,41,South,0.2100703466,4
555,2022-07-10,51,409.8602482,14,40,North,0.2258819231,2
556,2022-07-11,46,593.9643407,4,59,North,0.2431918397,2
557,2022-07-12,5,833.7025366,7,24,South,0.1198580062,4
558,2022-07-13,58,188.7493319,7,32,North,0.1119608466,1
559,2022-07-14,94,820.9673922,7,69,West,0.09473794231,2
560,2022-07-15,92,137.0618122,3,57,West,0.1299250387,5
561,2022-07-16,18,834.7789281,16,42,North,0.2615663781,1
562,2022-07-17,36,826.8074237,15,49,West,0.0005743440448,3
563,2022-07-18,67,145.9065779,19,38,North,0.1650198537,4
564,2022-07-19,21,664.4446403,17,36,East,0.06710762653,5
565,2022-07-20,46,552.2077669,12,53,North,0.1720956184,5
566,2022-07-21,58,252.8375529,2,50,North,0.02586619031,5
567,2022-07-22,80,233.5410439,11,38,North,0.02541263597,5
568,2022-07-23,37,795.9332135,6,42,East,0.05699595589,4
569,2022-07-24,63,610.923474,16,50,South,0.2955165957,5
570,2022-07-25,5,984.6992214,14,45,South,0.1937487861,5
571,2022-07-26,78,984.0229996,5,62,North,0.1292949634,1
572,2022-07-27,31,993.4002941,1,54,South,0.09046997247,2
573,2022-07-28,88,206.7539665,14,36,North,0.1742506113,3
574,2022-07-29,99,944.4305233,13,40,East,0.1359594778,4
575,2022-07-30,36,320.1126481,7,52,South,0.1386805225,3
576,2022-07-31,74,512.3910338,18,49,East,0.1154492307,3
577,2022-08-01,91,781.6659002,18,68,South,0.07237087838,2
578,2022-08-02,56,283.2588389,4,36,East,0.02533534892,4
579,2022-08-03,27,609.680445,1,32,East,0.2058568957,1
580,2022-08-04,23,267.2350734,18,25,West,0.0531749584,2
581,2022-08-05,77,194.262496,4,29,North,0.1276485593,5
582,2022-08-06,80,204.9027512,14,28,North,0.1761742709,5
583,2022-08-07,99,421.8751314,12,56,South,0.04405684157,3
584,2022-08-08,91,104.1893532,18,59,East,0.1792079068,1
585,2022-08-09,52,482.3685291,5,40,West,0.1086523502,3
586,2022-08-10,47,697.7773946,16,18,West,0.07668070631,5
587,2022-08-11,81,461.5193665,11,52,South,0.1645797316,4
588,2022-08-12,62,177.2151405,7,35,North,0.2967179112,2
589,2022-08-13,61,156.4199758,7,60,West,0.2305759046,1
590,2022-08-14,48,350.3048615,17,24,East,0.08557693861,2
591,2022-08-15,1,252.3814215,5,21,West,0.1504607414,2
592,2022-08-16,11,968.5854759,4,58,North,0.1218211742,3
593,2022-08-17,76,236.1072025,8,45,South,0.157638199,5
594,2022-08-18,14,824.9161937,1,30,East,0.2074646679,1
595,2022-08-19,72,627.4971476,1,57,North,0.2363224958,2
596,2022-08-20,95,612.358228,9,39,West,0.286735011,1
597,2022-08-21,7,560.8726443,4,43,East,0.08851743068,1
598,2022-08-22,46,974.5867685,7,18,East,0.0972765767,5
599,2022-08-23,31,427.4602976,6,61,South,0.006712854534,2
600,2022-08-24,16,809.1241759,8,52,West,0.08989859499,1
601,2022-08-25,42,599.7646967,14,19,West,0.2825127228,1
602,2022-08-26,39,456.0703009,19,66,North,0.2500198624,2
603,2022-08-27,54,959.91934,18,61,West,0.03569593547,2
604,2022-08-28,44,638.4843724,4,55,East,0.2893919824,2
605,2022-08-29,83,207.0252479,9,64,West,0.2663732125,3
606,2022-08-30,8,475.7852809,16,61,South,0.2574281165,2
607,2022-08-31,93,803.4235549,12,43,West,0.277194615,5
608,2022-09-01,66,724.3723209,4,41,West,0.1601963589,1
609,2022-09-02,42,924.7062969,13,60,North,0.291287017,3
610,2022-09-03,67,333.4396457,12,69,South,0.007859096848,2
611,2022-09-04,93,782.3743447,18,22,North,0.1687289629,4
612,2022-09-05,79,513.8876867,19,25,West,0.1119284917,3
613,2022-09-06,92,616.2487723,11,47,East,0.1692201181,3
614,2022-09-07,32,959.5420129,12,19,South,0.2695096239,3
615,2022-09-08,94,981.357688,16,41,North,0.1348096164,3
616,2022-09-09,51,875.4318675,7,41,South,0.06823563171,1
617,2022-09-10,47,423.187379,4,42,East,0.1076220202,1
618,2022-09-11,94,898.9307522,19,43,East,0.1337195504,3
619,2022-09-12,34,674.7482599,4,23,North,0.13648011,4
620,2022-09-13,13,486.9971024,2,40,North,0.1013498732,2
621,2022-09-14,97,132.1684143,11,67,North,0.1387939532,3
622,2022-09-15,81,793.1153118,2,34,East,0.1039558816,3
623,2022-09-16,67,551.8950227,11,49,West,0.09017531835,2
624,2022-09-17,73,807.5696495,10,66,South,0.2583705524,1
625,2022-09-18,11,773.2205194,14,18,North,0.253549134,3
626,2022-09-19,91,814.2106312,3,68,West,0.08520575519,3
627,2022-09-20,28,370.5860428,19,21,West,0.2676315829,3
628,2022-09-21,57,820.7187392,8,51,West,0.1270981868,3
629,2022-09-22,66,593.9616956,9,49,South,0.1035171674,2
630,2022-09-23,65,525.9935804,6,24,East,0.06431818801,1
631,2022-09-24,70,707.6133224,15,18,West,0.2133012767,4
632,2022-09-25,89,119.2228146,7,26,South,0.008743426902,2
633,2022-09-26,35,192.0851343,1,42,North,0.1802474531,4
634,2022-09-27,80,362.9596287,9,24,West,0.008393778233,4
635,2022-09-28,4,984.691099,16,29,North,0.08769821935,2
636,2022-09-29,61,225.771201,6,22,North,0.2919007744,1
637,2022-09-30,38,397.5366707,4,55,East,0.177550464,1
638,2022-10-01,44,145.9477582,15,25,East,0.08790406402,1
639,2022-10-02,84,398.1419923,9,43,West,0.08649984655,2
640,2022-10-03,89,388.2936579,10,69,East,0.03761834166,2
641,2022-10-04,71,952.1264539,5,60,South,0.09924218711,5
642,2022-10-05,21,860.6386783,8,23,West,0.1350972496,2
643,2022-10-06,7,444.4877973,2,55,West,0.2141160641,5
644,2022-10-07,29,122.2921522,14,22,North,0.1699945638,4
645,2022-10-08,7,847.9280026,6,60,West,0.01254026689,2
646,2022-10-09,67,694.4825594,9,30,East,0.103796942,5
647,2022-10-10,93,237.1280353,10,34,West,0.01529959947,1
648,2022-10-11,93,996.4641439,8,23,East,0.2816284566,4
649,2022-10-12,70,190.2100937,4,31,North,0.1276453524,2
650,2022-10-13,74,880.4030874,16,29,North,0.1796470646,3
651,2022-10-14,55,364.8395477,6,40,North,0.2190849682,4
652,2022-10-15,78,491.8181197,10,60,South,0.001071275813,4
653,2022-10-16,22,815.9108741,12,57,South,0.0316850641,5
654,2022-10-17,32,709.7575204,4,18,East,0.1608605588,2
655,2022-10-18,82,944.077937,19,42,South,0.180358047,5
656,2022-10-19,36,659.0262929,4,66,East,0.2172920016,4
657,2022-10-20,9,188.0291453,15,45,West,0.03442585796,1
658,2022-10-21,26,895.9243269,10,48,West,0.1071768752,2
659,2022-10-22,22,792.2399725,18,42,North,0.2240344259,2
660,2022-10-23,46,740.6834058,16,46,South,0.07175559906,2
661,2022-10-24,87,148.3601926,16,42,East,0.29024254,1
662,2022-10-25,17,456.6004702,10,48,East,0.2923354713,4
663,2022-10-26,26,250.6922375,8,64,South,0.1456518273,3
664,2022-10-27,38,839.7135176,8,50,East,0.0390869426,4
665,2022-10-28,2,730.4757605,6,64,North,0.005575234784,1
666,2022-10-29,6,894.7698376,12,53,East,0.0354664161,5
667,2022-10-30,71,969.9175962,13,40,North,0.1129258819,5
668,2022-10-31,13,797.2728528,15,65,West,0.1014303346,3
669,2022-11-01,91,994.8097749,15,26,West,0.2318411207,5
670,2022-11-02,75,653.2928975,3,21,South,0.1709287579,1
671,2022-11-03,55,133.4166435,2,54,West,0.1316381607,3
672,2022-11-04,79,112.8263636,11,32,South,0.04234273473,1
673,2022-11-05,63,407.8934877,6,54,East,0.04346375254,2
674,2022-11-06,73,841.1245472,15,35,South,0.228349565,5
675,2022-11-07,72,879.5212357,1,37,South,0.281631693,2
676,2022-11-08,46,964.7312759,8,42,West,0.07706700868,4
677,2022-11-09,6,158.6093217,16,42,North,0.1585938055,2
678,2022-11-10,48,140.1139999,16,53,North,0.2459648757,5
679,2022-11-11,60,921.9552367,2,68,South,0.2420701294,4
680,2022-11-12,43,374.5420285,1,19,South,0.1928572273,5
681,2022-11-13,68,602.1886605,9,30,West,0.01287880159,5
682,2022-11-14,11,984.2003947,18,38,West,0.04738427068,5
683,2022-11-15,58,460.4036813,14,25,East,0.2521402682,1
684,2022-11-16,92,699.2842585,15,40,North,0.2435940869,5
685,2022-11-17,90,460.7916073,1,62,West,0.199980184,4
686,2022-11-18,4,791.375198,6,33,South,0.1731656843,4
687,2022-11-19,79,574.943253,6,50,West,0.08002554505,3
688,2022-11-20,83,313.7708242,14,51,East,0.1990005828,5
689,2022-11-21,70,344.1754911,4,31,West,0.03222900734,1
690,2022-11-22,59,332.2532913,14,19,West,0.28610282,5
691,2022-11-23,5,579.0882954,4,21,North,0.1721815264,4
692,2022-11-24,18,732.8701144,9,57,East,0.0220335856,2
693,2022-11-25,70,954.35191,4,54,West,0.2579446703,5
694,2022-11-26,64,724.6786376,10,56,South,0.1696075538,1
695,2022-11-27,95,803.0735596,12,45,South,0.06767690021,4
696,2022-11-28,25,252.0335043,4,52,South,0.01366380862,5
697,2022-11-29,4,436.6563625,12,63,North,0.2953670097,3
698,2022-11-30,70,472.4021979,12,56,North,0.1485535306,2
699,2022-12-01,41,717.742207,11,65,South,0.0672079505,4
700,2022-12-02,37,366.3027787,11,43,East,0.1727877495,3
701,2022-12-03,59,372.9627293,5,34,South,0.05796017391,4
702,2022-12-04,50,420.3002392,13,66,South,0.07884714635,2
703,2022-12-05,56,829.2718734,3,68,West,0.2774613626,3
704,2022-12-06,25,619.831081,6,27,North,0.09125746034,3
705,2022-12-07,34,167.7495518,16,43,East,0.1585502215,2
706,2022-12-08,19,170.4214897,13,18,East,0.08786440286,2
707,2022-12-09,98,434.1582499,18,33,North,0.125065276,2
708,2022-12-10,79,789.9319455,16,34,East,0.1771791916,4
709,2022-12-11,8,719.8150838,10,60,West,0.2285882466,4
710,2022-12-12,54,737.1841192,9,54,East,0.002421605909,1
711,2022-12-13,47,790.4890594,4,25,West,0.06416129216,3
712,2022-12-14,34,358.4374416,15,41,South,0.2409339221,3
713,2022-12-15,82,593.4306537,17,67,East,0.07940093383,5
714,2022-12-16,30,589.0173763,7,58,North,0.03371993343,3
715,2022-12-17,13,765.6692511,2,56,West,0.09960691875,1
716,2022-12-18,47,961.1835122,16,63,West,0.2039695874,1
717,2022-12-19,33,350.1909503,12,55,South,0.1956466587,2
718,2022-12-20,35,813.9535055,8,67,South,0.2547145707,3
719,2022-12-21,88,693.9734937,9,55,North,0.2822293647,1
720,2022-12-22,26,622.2140838,4,22,East,0.2019068994,2
721,2022-12-23,47,797.3918014,12,52,South,0.2580670761,1
722,2022-12-24,53,949.6292198,8,40,West,0.07880613627,3
723,2022-12-25,65,133.0222761,10,67,West,0.1327580335,3
724,2022-12-26,77,232.6600923,14,48,West,0.09536690034,2
725,2022-12-27,74,780.6585084,7,51,West,0.2307881224,3
726,2022-12-28,19,175.4122176,8,45,West,0.2244166252,2
727,2022-12-29,5,564.5113307,9,25,East,0.1203962918,3
728,2022-12-30,8,297.874699,6,31,West,0.1999434919,5
729,2022-12-31,4,346.8661335,7,43,East,0.003917379114,2
730,2023-01-01,49,731.6564346,4,55,East,0.27197299,5
731,2023-01-02,77,127.1734959,8,49,West,0.1268468512,3
732,2023-01-03,38,885.9874851,19,54,North,0.2718876714,4
733,2023-01-04,49,500.0310598,12,67,West,0.01366100921,3
734,2023-01-05,83,552.1539645,19,65,East,0.0250663593,4
735,2023-01-06,52,586.0431673,18,57,West,0.1499649354,3
736,2023-01-07,50,680.9898651,12,26,South,0.06663284675,2
737,2023-01-08,72,410.370928,2,36,South,0.219053274,1
738,2023-01-09,91,190.9967415,17,38,North,0.2048664305,2
739,2023-01-10,50,386.541043,15,43,West,0.1892002635,4
740,2023-01-11,30,251.3279062,11,57,South,0.2522980032,3
741,2023-01-12,4,600.5198615,11,47,East,0.2539740521,3
742,2023-01-13,75,386.2257679,17,20,South,0.08122074148,3
743,2023-01-14,85,962.2604602,16,58,North,0.0662592202,1
744,2023-01-15,66,969.1608502,2,68,East,0.2032418094,1
745,2023-01-16,21,658.1132925,11,35,East,0.03279266536,2
746,2023-01-17,81,655.7475409,1,58,North,0.06067390936,2
747,2023-01-18,43,986.8407081,16,57,South,0.2669722328,4
748,2023-01-19,29,898.5548361,17,51,East,0.1927174004,1
749,2023-01-20,27,788.5629542,9,21,South,0.05894858909,5
750,2023-01-21,88,382.2315506,10,44,East,0.2054150323,2
751,2023-01-22,53,428.9851253,12,65,North,0.05600652109,5
752,2023-01-23,49,281.1400892,1,42,West,0.1913251249,2
753,2023-01-24,67,538.4333142,18,67,South,0.0650916074,5
754,2023-01-25,10,991.3316699,8,48,North,0.2140934361,5
755,2023-01-26,3,920.9358577,3,69,West,0.2946645623,2
756,2023-01-27,90,206.5144906,7,19,West,0.1474499303,1
757,2023-01-28,91,122.6712604,4,60,West,0.1985505927,2
758,2023-01-29,69,908.7739016,14,36,North,0.2997944115,1
759,2023-01-30,11,583.4531152,12,25,East,0.1204398522,3
760,2023-01-31,13,280.1708994,12,61,North,0.2434210464,3
761,2023-02-01,98,706.2879426,6,23,South,0.03066213965,3
762,2023-02-02,38,679.8008601,17,58,West,0.003520961294,3
763,2023-02-03,40,209.8770462,17,55,East,0.2897131381,4
764,2023-02-04,33,333.6402101,14,37,East,0.182301473,4
765,2023-02-05,34,154.0701679,9,52,North,0.1109282182,2
766,2023-02-06,27,288.8744265,7,39,East,0.1369774195,5
767,2023-02-07,90,219.0751074,13,54,North,0.03164914072,4
768,2023-02-08,51,273.9126632,11,42,East,0.008534801384,4
769,2023-02-09,89,716.9204313,5,48,West,0.2269713453,5
770,2023-02-10,83,144.5497698,9,19,South,0.1607627046,4
771,2023-02-11,21,191.6691537,10,18,North,0.269733564,5
772,2023-02-12,95,220.7562743,16,42,South,0.1834888972,4
773,2023-02-13,29,384.8870089,1,63,South,0.1404529782,3
774,2023-02-14,73,368.8752798,8,65,South,0.1789178936,5
775,2023-02-15,19,329.5574068,6,22,East,0.1923998826,3
776,2023-02-16,26,775.4829881,7,18,West,0.1012412288,2
777,2023-02-17,25,998.220509,16,54,West,0.1892185839,5
778,2023-02-18,40,580.5801313,13,68,South,0.1017998645,5
779,2023-02-19,29,949.7824461,1,38,South,0.2723473321,1
780,2023-02-20,25,456.9491009,19,22,West,0.06679893625,4
781,2023-02-21,19,196.0142021,18,23,East,0.07312289568,5
782,2023-02-22,68,467.8964465,8,32,East,0.2220425763,1
783,2023-02-23,45,366.5149961,2,40,North,0.2332195108,1
784,2023-02-24,84,544.0662661,13,33,West,0.1544334136,1
785,2023-02-25,46,691.3393092,17,37,West,0.2054122085,3
786,2023-02-26,55,514.9451972,19,30,West,0.1005529566,1
787,2023-02-27,1,941.6444609,8,57,East,0.06938504618,5
788,2023-02-28,11,896.2883401,9,50,East,0.1927302105,2
789,2023-03-01,68,731.7798356,9,48,North,0.1575265812,4
790,2023-03-02,7,540.7164211,17,38,West,0.2675310233,3
791,2023-03-03,92,218.5185536,15,38,North,0.1463402016,1
792,2023-03-04,58,457.3123001,15,23,West,0.03266395322,1
793,2023-03-05,71,733.9613855,8,28,West,0.2372523725,3
794,2023-03-06,20,356.3969685,5,42,West,0.1110658595,3
795,2023-03-07,35,193.5892698,17,29,North,0.07535959045,5
796,2023-03-08,51,917.1086118,7,39,South,0.1620781227,5
797,2023-03-09,21,738.1457288,11,24,East,0.03153059042,2
798,2023-03-10,44,653.748784,7,19,East,0.01591720733,5
799,2023-03-11,1,813.249015,5,31,North,0.1854395169,5
800,2023-03-12,67,852.0814338,17,33,North,0.01153635329,3
801,2023-03-13,98,535.1130984,3,65,East,0.1809916659,3
802,2023-03-14,13,893.0694263,16,61,West,0.07773582755,4
803,2023-03-15,16,924.7771096,16,39,North,0.289648192,3
804,2023-03-16,34,344.3959859,15,21,West,0.154492776,3
805,2023-03-17,24,646.7908238,16,47,East,0.2321616945,5
806,2023-03-18,13,573.9256259,8,27,East,0.1320848436,5
807,2023-03-19,6,584.1512012,16,42,East,0.2821850663,3
808,2023-03-20,39,943.8967846,15,54,West,0.006177143572,3
809,2023-03-21,2,374.6698324,11,67,North,0.270620504,4
810,2023-03-22,11,985.0905804,5,38,East,0.03026287955,1
811,2023-03-23,7,911.9180933,10,55,West,0.007642801077,3
812,2023-03-24,7,512.8505998,9,64,West,0.251123811,2
813,2023-03-25,39,835.7079373,12,37,South,0.1536661362,4
814,2023-03-26,76,792.1422949,4,58,East,0.00132951409,1
815,2023-03-27,86,710.1054727,13,21,North,0.02945164604,5
816,2023-03-28,51,387.8505004,3,55,East,0.04013710052,3
817,2023-03-29,52,276.8058926,3,21,South,0.1138655053,2
818,2023-03-30,3,704.3749271,14,38,East,0.2781512544,5
819,2023-03-31,77,858.6759668,19,56,South,0.1183303837,3
820,2023-04-01,30,114.6275098,16,48,South,0.190111439,1
821,2023-04-02,10,678.5230378,2,51,East,0.2957047673,3
822,2023-04-03,73,498.5857222,5,43,North,0.09524398036,3
823,2023-04-04,6,908.2789796,5,59,East,0.2077201443,2
824,2023-04-05,54,389.3256378,18,62,West,0.2611640543,4
825,2023-04-06,66,526.766331,12,40,West,0.06926907968,5
826,2023-04-07,44,563.2903936,13,55,South,0.03233682198,5
827,2023-04-08,80,226.3955692,3,20,West,0.1525558704,3
828,2023-04-09,63,741.6030724,19,45,East,0.2822027374,2
829,2023-04-10,77,847.4287106,10,64,West,0.2610634981,4
830,2023-04-11,48,152.1183492,5,69,East,0.06514075182,3
831,2023-04-12,77,362.2499385,12,55,West,0.28351935,5
832,2023-04-13,22,134.2402134,10,46,North,0.1203449017,3
833,2023-04-14,19,960.8896942,7,53,West,0.2565187422,1
834,2023-04-15,90,700.4519386,18,65,South,0.03204021159,4
835,2023-04-16,14,967.7803775,19,51,North,0.1237704123,3
836,2023-04-17,95,578.3448505,16,43,North,0.1629950184,2
837,2023-04-18,93,821.8616715,13,28,East,0.180049942,5
838,2023-04-19,86,436.9725855,7,57,East,0.2682725768,1
839,2023-04-20,7,418.4371293,19,26,South,0.09620664453,2
840,2023-04-21,49,440.4410354,17,35,South,0.03981634366,5
841,2023-04-22,41,692.0759204,12,43,South,0.1418202825,1
842,2023-04-23,27,423.5078359,1,25,South,0.02702023393,5
843,2023-04-24,31,910.3307064,7,69,North,0.2530209295,4
844,2023-04-25,6,984.9473785,7,47,South,0.158504098,3
845,2023-04-26,16,127.3838638,3,57,West,0.06869324843,5
846,2023-04-27,64,274.2609614,13,59,West,0.03920177257,1
847,2023-04-28,38,201.0249933,19,38,West,0.1773244995,4
848,2023-04-29,60,138.1276424,1,51,South,0.2255025158,3
849,2023-04-30,96,304.966894,10,67,West,0.1161201442,4
850,2023-05-01,97,502.1139883,18,28,East,0.2341842081,2
851,2023-05-02,81,853.2913288,11,30,North,0.2022861364,2
852,2023-05-03,33,299.6416275,5,65,South,0.01492369281,3
853,2023-05-04,63,544.5507301,5,20,North,0.2158960925,2
854,2023-05-05,11,936.6568655,19,50,East,0.1724255997,3
855,2023-05-06,13,700.4932361,6,42,North,0.2754857895,2
856,2023-05-07,94,818.2711178,15,23,North,0.02806692132,2
857,2023-05-08,65,595.8945732,11,37,South,0.05255062771,2
858,2023-05-09,30,982.419813,19,18,North,0.1992934677,3
859,2023-05-10,91,629.7959392,3,35,South,0.2560052877,5
860,2023-05-11,23,140.9596426,4,41,East,0.062529736,5
861,2023-05-12,20,278.1845199,9,64,West,0.284512021,2
862,2023-05-13,6,464.2962661,19,38,South,0.2662191466,5
863,2023-05-14,37,641.1494553,5,54,East,0.02966153189,4
864,2023-05-15,84,794.7377807,8,54,East,0.2835653951,2
865,2023-05-16,6,471.7775133,11,30,South,0.07240935247,4
866,2023-05-17,93,739.0524745,4,62,South,0.1879370049,5
867,2023-05-18,77,810.8825528,16,54,North,0.2085006601,3
868,2023-05-19,27,385.5341775,15,33,South,0.09914051204,1
869,2023-05-20,84,981.343216,14,55,West,0.01858643033,3
870,2023-05-21,13,684.6908457,4,42,West,0.2032611828,3
871,2023-05-22,8,892.8982547,4,63,West,0.03655802706,5
872,2023-05-23,53,600.3439199,7,38,East,0.009265926354,3
873,2023-05-24,81,767.4427964,3,25,West,0.2241042717,5
874,2023-05-25,30,793.4896555,6,64,West,0.03324705765,1
875,2023-05-26,1,917.4235413,4,41,North,0.2433500594,5
876,2023-05-27,88,235.3147812,4,38,South,0.2967236544,4
877,2023-05-28,80,602.4550818,8,23,North,0.1211049135,5
878,2023-05-29,75,485.5406618,19,25,North,0.1938067399,4
879,2023-05-30,4,930.8431191,3,54,East,0.2789820455,3
880,2023-05-31,62,194.5852248,17,65,East,0.2750689157,3
881,2023-06-01,68,984.3164998,8,27,East,0.09385523191,4
882,2023-06-02,17,887.9061917,11,23,South,0.008147815124,3
883,2023-06-03,74,166.4436534,14,43,East,0.08632407762,2
884,2023-06-04,85,541.869747,17,51,West,0.05576331484,1
885,2023-06-05,57,745.8035502,6,38,North,0.106754792,5
886,2023-06-06,63,764.3363911,9,18,East,0.08522876787,1
887,2023-06-07,57,915.8447127,12,51,North,0.2529137448,3
888,2023-06-08,49,819.878892,2,37,East,0.1573388361,1
889,2023-06-09,18,379.8373423,7,27,West,0.03881828593,2
890,2023-06-10,58,548.5913073,6,20,North,0.1157310615,2
891,2023-06-11,10,731.6071866,9,34,South,0.1997844361,5
892,2023-06-12,63,224.5931572,11,41,North,0.26489538,3
893,2023-06-13,80,274.5917178,8,68,North,0.138355714,3
894,2023-06-14,79,532.9382033,5,43,West,0.2754439769,2
895,2023-06-15,34,368.4212188,19,60,South,0.2388977352,4
896,2023-06-16,5,876.3033248,16,34,South,0.02275922671,1
897,2023-06-17,17,627.6495894,3,35,East,0.2438570027,2
898,2023-06-18,72,413.7986779,10,58,East,0.02745315969,1
899,2023-06-19,63,863.949723,1,35,South,0.2745648617,5
900,2023-06-20,24,824.3906037,18,67,South,0.2153508302,2
901,2023-06-21,92,998.5193894,5,55,South,0.06989724456,5
902,2023-06-22,8,862.5769195,1,59,East,0.05070340684,4
903,2023-06-23,23,473.0108813,14,56,East,0.1378917497,4
904,2023-06-24,99,214.7489936,19,30,West,0.1949069691,3
905,2023-06-25,31,856.5768174,6,24,South,0.0610756711,5
906,2023-06-26,81,153.7821262,2,65,West,0.2871332485,2
907,2023-06-27,28,415.2440866,3,42,South,0.04466194337,1
908,2023-06-28,48,927.7641827,2,51,West,0.2580061031,1
909,2023-06-29,12,964.6898261,14,32,North,0.07844996525,5
910,2023-06-30,88,676.5081342,3,23,South,0.013671118,2
911,2023-07-01,79,719.7834853,15,27,West,0.1811588835,3
912,2023-07-02,31,138.2090399,11,55,East,0.1306233547,4
913,2023-07-03,91,563.032307,10,56,East,0.09133780588,4
914,2023-07-04,35,592.1813609,8,29,West,0.0960776718,3
915,2023-07-05,55,406.0906715,13,43,South,0.203589094,2
916,2023-07-06,82,161.7371513,5,34,East,0.1414604054,1
917,2023-07-07,36,306.0168398,7,37,West,0.1488610959,1
918,2023-07-08,72,422.1855432,18,41,West,0.01562225015,1
919,2023-07-09,60,491.6277879,6,68,South,0.2098817628,2
920,2023-07-10,38,631.834053,14,66,North,0.154557596,2
921,2023-07-11,69,750.1523668,14,27,East,0.2386464844,5
922,2023-07-12,54,385.8686859,9,60,West,0.162936637,5
923,2023-07-13,14,396.0583839,19,59,East,0.07764214709,3
924,2023-07-14,20,117.7224785,10,59,West,0.03786309785,3
925,2023-07-15,9,136.7873741,2,57,South,0.1535636486,1
926,2023-07-16,97,332.0395249,9,44,South,0.2863030435,2
927,2023-07-17,82,766.2204979,8,60,East,0.05455086698,5
928,2023-07-18,70,665.4824473,13,29,South,0.1796043152,1
929,2023-07-19,2,792.8101186,10,25,East,0.172869535,5
930,2023-07-20,30,792.0274926,18,45,North,0.08295220388,2
931,2023-07-21,6,870.9107209,18,50,West,0.2393375458,2
932,2023-07-22,81,748.2873394,18,48,North,0.2091168019,3
933,2023-07-23,41,981.1098271,9,40,East,0.1532934968,2
934,2023-07-24,23,908.9426974,11,47,South,0.1870805807,2
935,2023-07-25,31,628.0454496,14,50,East,0.1940384281,1
936,2023-07-26,20,629.3419034,2,20,South,0.2879498337,2
937,2023-07-27,5,130.8403363,14,40,East,0.0608078683,4
938,2023-07-28,21,998.6739199,2,65,North,0.1648074703,1
939,2023-07-29,75,218.4183976,1,58,West,0.2528977602,3
940,2023-07-30,68,766.312477,12,65,West,0.03584195231,1
941,2023-07-31,87,838.9136756,7,42,North,0.297050405,1
942,2023-08-01,61,435.7490764,3,69,North,0.2278838333,2
943,2023-08-02,94,277.1668492,15,32,North,0.0745589931,1
944,2023-08-03,42,188.8838981,7,20,East,0.2924323878,5
945,2023-08-04,41,773.7454052,5,21,North,0.0685488829,4
946,2023-08-05,61,507.3881763,18,51,West,0.2588911652,5
947,2023-08-06,82,742.3459831,17,60,South,0.07396730682,3
948,2023-08-07,52,923.866884,13,54,West,0.2455513486,4
949,2023-08-08,41,231.9253625,16,18,North,0.09801371347,2
950,2023-08-09,60,927.2539007,8,42,South,0.2988596246,4
951,2023-08-10,95,470.4638136,17,68,West,0.2444886035,2
952,2023-08-11,30,374.7403089,17,56,West,0.07639903269,1
953,2023-08-12,98,948.7560345,1,30,West,0.2283478501,2
954,2023-08-13,95,991.5865233,7,33,North,0.1721185266,3
955,2023-08-14,38,279.002996,10,44,South,0.06974108746,5
956,2023-08-15,89,691.1545123,16,41,North,0.03476383433,4
957,2023-08-16,17,195.8457824,5,47,East,0.1332202288,5
958,2023-08-17,40,685.8226035,7,34,North,0.05004340949,5
959,2023-08-18,30,844.581905,11,36,North,0.2526483538,5
960,2023-08-19,66,716.0486919,16,63,East,0.096579588,5
961,2023-08-20,24,475.5998279,7,51,North,0.04753526178,1
962,2023-08-21,73,444.7597236,7,21,East,0.2164344271,3
963,2023-08-22,1,453.8101737,17,56,South,0.07289161649,3
964,2023-08-23,88,630.7406362,8,25,West,0.205532854,2
965,2023-08-24,38,893.4105431,6,38,South,0.1198208499,2
966,2023-08-25,64,936.1595415,19,66,East,0.1167273951,2
967,2023-08-26,27,148.1766582,3,42,East,0.03116235253,3
968,2023-08-27,90,263.4601552,14,20,East,0.0003960280367,3
969,2023-08-28,90,201.0018842,15,28,East,0.2838948356,3
970,2023-08-29,7,274.0011767,1,69,East,0.002540717759,2
971,2023-08-30,89,411.9470295,13,52,North,0.2224600008,1
972,2023-08-31,80,555.8785144,13,42,North,0.2047516228,5
973,2023-09-01,42,666.5151043,13,18,East,0.1267330803,3
974,2023-09-02,18,758.9279972,6,24,North,0.1622499792,3
975,2023-09-03,81,901.1003872,3,31,East,0.1296166567,4
976,2023-09-04,44,990.1795935,7,56,South,0.2052587232,3
977,2023-09-05,70,696.5708307,17,43,West,0.2163644303,5
978,2023-09-06,20,860.8280668,3,45,East,0.08448901232,2
979,2023-09-07,23,800.2349622,2,65,East,0.2548260933,4
980,2023-09-08,12,376.7788353,14,23,South,0.15593977,5
981,2023-09-09,12,888.1230432,15,63,East,0.253410934,1
982,2023-09-10,34,138.4868242,18,59,South,0.2796036127,5
983,2023-09-11,8,100.3306094,3,41,South,0.1493171081,3
984,2023-09-12,27,346.3593664,12,69,South,0.2286100486,2
985,2023-09-13,49,515.8877767,14,42,East,0.1641419712,5
986,2023-09-14,72,674.5266055,18,31,South,0.1263282068,4
987,2023-09-15,55,191.5932399,3,39,West,0.1174495861,5
988,2023-09-16,97,705.7091205,14,31,South,0.1750335268,4
989,2023-09-17,83,821.6342804,2,20,East,0.1145511155,4
990,2023-09-18,88,266.7816276,6,59,South,0.2385237982,5
991,2023-09-19,22,473.6127293,16,19,East,0.06219781646,4
992,2023-09-20,3,567.986491,19,63,West,0.08139500285,2
993,2023-09-21,9,506.6263163,7,18,East,0.1613871721,3
994,2023-09-22,11,819.8469378,7,32,East,0.09009548259,1
995,2023-09-23,6,964.4701583,19,54,West,0.2126433267,5
996,2023-09-24,39,819.0578476,17,25,West,0.1600010614,4
997,2023-09-25,39,170.1935361,5,66,East,0.0260751939,3
998,2023-09-26,66,824.4420149,6,27,North,0.2271079083,4
999,2023-09-27,60,159.936699,8,62,South,0.06586349413,3
